timestamp,flow_mgd,streamflow_cfs,rainfall_in,capacity_pct
2022-01-01,2173.4936340588524,3370,0.04,1811.2446950490437
2022-01-02,3439.3526629927537,5320,0.03,2866.127219160628
2022-01-03,4761.824749091277,7380,0.47,3968.1872909093977
2022-01-04,8925.863896947527,13800,0.05,7438.219914122939
2022-01-05,8783.973850636037,13600,0.85,7319.978208863364
2022-01-06,7764.383781680752,12000,0.02,6470.3198180672925
2022-01-07,6985.619045439763,10800,0.03,5821.349204533136
2022-01-08,6095.943103852522,9440,0.36,5079.952586543768
2022-01-09,5271.961339218338,8130,0.03,4393.301116015282
2022-01-10,5119.288905835467,7930,0.84,4266.074088196222
2022-01-11,4694.607888958688,7240,0.0,3912.1732407989066
2022-01-12,4485.759420172266,6950,0.96,3738.1328501435546
2022-01-13,4938.8348668988665,7650,0.23,4115.695722415721
2022-01-14,5377.984186746128,8310,0.01,4481.653488955108
2022-01-15,5223.43211178413,8070,0.17,4352.860093153442
2022-01-16,4729.46707051735,7340,0.35,3941.2225587644584
2022-01-17,4187.558923234242,6480,0.25,3489.632436028535
2022-01-18,4100.3965054696,6350,0.05,3416.997087891333
2022-01-19,4507.97351444516,6990,0.34,3756.6445953709667
2022-01-20,4886.612229057645,7540,0.39,4072.1768575480373
2022-01-21,5072.235307369469,7860,0.05,4226.862756141225
2022-01-22,5179.212901052495,8010,0.04,4316.010750877079
2022-01-23,4814.101493406793,7450,0.08,4011.7512445056614
2022-01-24,5001.791071486984,7740,0.01,4168.159226239153
2022-01-25,4973.145545192997,7680,0.1,4144.287954327498
2022-01-26,4780.357691150332,7390,0.06,3983.631409291944
2022-01-27,4214.1699502623005,6520,0.1,3511.80829188525
2022-01-28,3996.4014524324857,6190,0.04,3330.3345436937384
2022-01-29,3714.6889713193946,5740,0.52,3095.5741427661624
2022-01-30,3241.451466718875,5010,0.01,2701.2095555990627
2022-01-31,2821.1536248922907,4350,0.3,2350.9613540769087
2022-02-01,3104.3321840366807,4810,0.0,2586.9434866972338
2022-02-02,3209.3344073840026,4950,0.35,2674.4453394866687
2022-02-03,3238.9942955218594,5000,0.31,2699.161912934883
2022-02-04,5176.176876447698,7990,0.06,4313.480730373081
2022-02-05,13580.185104199016,21000,0.05,11316.820920165846
2022-02-06,25587.57077226948,39600,0.34,21322.9756435579
2022-02-07,22824.76350069634,35300,0.29,19020.636250580283
2022-02-08,16337.068116958577,25300,0.13,13614.223430798813
2022-02-09,12668.256660585055,19600,0.47,10556.880550487545
2022-02-10,10406.932101398143,16100,0.62,8672.443417831784
2022-02-11,8846.277738956616,13700,0.51,7371.898115797179
2022-02-12,7955.417411699107,12300,0.1,6629.514509749257
2022-02-13,7289.420957775952,11300,0.38,6074.517464813293
2022-02-14,6720.700267448505,10400,0.95,5600.583556207087
2022-02-15,6300.308032436678,9750,0.19,5250.256693697233
2022-02-16,5839.744674752072,9060,0.65,4866.453895626726
2022-02-17,5404.239798825336,8370,0.13,4503.53316568778
2022-02-18,5099.919413132535,7880,0.02,4249.932844277112
2022-02-19,5674.555902845294,8760,0.27,4728.796585704412
2022-02-20,9361.799435393492,14500,0.07,7801.499529494577
2022-02-21,10085.908417823894,15600,0.06,8404.923681519911
2022-02-22,8924.266563733836,13800,0.29,7436.88880311153
2022-02-23,7890.9765949856355,12200,0.01,6575.813829154696
2022-02-24,7233.182221199347,11200,0.11,6027.651850999455
2022-02-25,7706.983233968081,11900,0.14,6422.486028306735
2022-02-26,8008.537919363537,12400,0.27,6673.781599469615
2022-02-27,10021.345001532816,15500,0.19,8351.12083461068
2022-02-28,12416.19726035014,19200,0.17,10346.831050291783
2022-03-01,11309.933396421922,17500,0.11,9424.944497018269
2022-03-02,9820.198973019538,15200,0.11,8183.499144182949
2022-03-03,8709.48935185747,13500,0.2,7257.907793214558
2022-03-04,7689.355405894364,11900,0.06,6407.796171578636
2022-03-05,6917.683856408771,10700,0.0,5764.736547007309
2022-03-06,6302.779818281427,9760,0.3,5252.316515234522
2022-03-07,5732.860564942679,8880,0.02,4777.383804118899
2022-03-08,5330.33398026546,8250,0.25,4441.94498355455
2022-03-09,5276.484160718369,8170,0.04,4397.070133931974
2022-03-10,5379.151430427713,8330,0.36,4482.6261920230945
2022-03-11,5678.997523420445,8790,0.03,4732.497936183704
2022-03-12,6365.191834614511,9860,0.52,5304.326528845426
2022-03-13,6467.548247286852,10000,0.26,5389.623539405709
2022-03-14,6233.423844886322,9640,0.14,5194.519870738602
2022-03-15,6163.099381861639,9530,0.18,5135.916151551365
2022-03-16,6262.611493918278,9680,0.08,5218.842911598565
2022-03-17,6264.458262765985,9690,0.97,5220.38188563832
2022-03-18,6237.201772439266,9630,0.11,5197.668143699389
2022-03-19,6161.619877911636,9530,0.7,5134.68323159303
2022-03-20,6137.306301354234,9500,0.05,5114.421917795195
2022-03-21,6248.966633917102,9690,0.15,5207.472194930918
2022-03-22,5819.034989370548,9020,0.05,4849.195824475456
2022-03-23,5506.027049101653,8530,0.17,4588.355874251377
2022-03-24,5498.726367404745,8500,0.19,4582.271972837289
2022-03-25,5521.65367952715,8570,0.15,4601.378066272626
2022-03-26,5448.260981426682,8420,0.02,4540.217484522234
2022-03-27,5426.1078389544455,8400,0.03,4521.756532462038
2022-03-28,5736.424699653558,8880,0.46,4780.353916377964
2022-03-29,5443.657208023618,8410,0.06,4536.381006686349
2022-03-30,5082.200922019962,7850,0.0,4235.167435016635
2022-03-31,4897.17443481913,7580,0.2,4080.978695682608
2022-04-01,5204.341205472501,8040,0.03,4336.951004560418
2022-04-02,5726.156470889602,8850,0.01,4771.797059074668
2022-04-03,6659.523950154551,10300,0.02,5549.603291795459
2022-04-04,7621.403461569798,11800,0.78,6351.169551308166
2022-04-05,7237.497521824125,11200,0.37,6031.247934853437
2022-04-06,8919.95269030769,13800,0.1,7433.293908589741
2022-04-07,10211.727234972715,15800,0.35,8509.772695810596
2022-04-08,23714.65644135489,36700,0.07,19762.213701129076
2022-04-09,30042.14143880527,46500,0.82,25035.117865671058
2022-04-10,26310.100094893438,40700,0.16,21925.083412411197
2022-04-11,20295.947825872965,31400,0.0,16913.289854894138
2022-04-12,16225.412629597515,25100,0.03,13521.177191331262
2022-04-13,13252.590377818378,20500,0.54,11043.825314848647
2022-04-14,11174.934851393336,17300,1.85,9312.445709494448
2022-04-15,9698.40014961424,15000,0.0,8082.000124678532
2022-04-16,8539.75358328932,13200,0.0,7116.461319407767
2022-04-17,7557.032887905779,11700,0.0,6297.5274065881495
2022-04-18,6855.056694091893,10600,0.33,5712.547245076577
2022-04-19,7241.213097363027,11200,0.1,6034.344247802524
2022-04-20,7891.49528459321,12200,0.21,6576.246070494342
2022-04-21,8010.3108837732025,12400,0.15,6675.2590698110025
2022-04-22,8655.871581485631,13400,0.23,7213.226317904693
2022-04-23,8465.551022391797,13100,0.86,7054.625851993164
2022-04-24,8338.996869291572,12900,0.0,6949.164057742976
2022-04-25,8271.428315018435,12800,0.0,6892.8569291820295
2022-04-26,7901.028313760499,12200,0.01,6584.190261467083
2022-04-27,7368.082785463445,11400,0.61,6140.068987886205
2022-04-28,6526.900899144481,10100,0.01,5439.0840826204
2022-04-29,6098.731544175535,9410,0.52,5082.276286812946
2022-04-30,5880.5226652028905,9100,0.25,4900.435554335742
2022-05-01,5481.791753252698,8490,0.11,4568.159794377248
2022-05-02,5282.724843036883,8180,0.16,4402.270702530735
2022-05-03,5199.8002873131145,8040,0.0,4333.166906094262
2022-05-04,6922.6204364868,10700,0.12,5768.850363739
2022-05-05,7681.80462136052,11900,0.23,6401.503851133766
2022-05-06,13114.87183585773,20300,0.01,10929.059863214774
2022-05-07,28951.673017869307,44800,0.01,24126.394181557756
2022-05-08,63333.428846484974,98000,0.69,52777.85737207081
2022-05-09,65929.13461439953,102000,0.01,54940.94551199961
2022-05-10,39542.53267992811,61200,0.01,32952.11056660676
2022-05-11,26762.546028735007,41400,0.38,22302.121690612505
2022-05-12,20227.49884046345,31300,0.43,16856.24903371954
2022-05-13,16222.185097711936,25100,0.11,13518.487581426612
2022-05-14,13444.05041459327,20800,0.04,11203.375345494393
2022-05-15,11574.030191794454,17900,0.17,9645.025159828712
2022-05-16,10854.50371266224,16800,0.32,9045.419760551866
2022-05-17,10728.90896543054,16600,0.02,8940.757471192117
2022-05-18,10270.432511173076,15900,0.06,8558.693759310898
2022-05-19,9491.692446585805,14700,0.09,7909.743705488171
2022-05-20,8923.03816272394,13800,0.07,7435.865135603283
2022-05-21,8143.370604340412,12600,0.02,6786.142170283676
2022-05-22,7702.484296540403,11900,0.02,6418.7369137836695
2022-05-23,9353.657065576332,14500,0.08,7794.71422131361
2022-05-24,7437.121998206458,11500,0.43,6197.601665172047
2022-05-25,6535.258955582948,10100,0.96,5446.049129652457
2022-05-26,5871.5387491888805,9080,0.03,4892.948957657401
2022-05-27,5696.934164930226,8820,0.16,4747.445137441855
2022-05-28,7307.859184066662,11300,0.03,6089.882653388885
2022-05-29,7307.948049557157,11300,1.29,6089.9567079642975
2022-05-30,8332.475637493839,12900,0.1,6943.729697911532
2022-05-31,8336.8032170874,12900,0.22,6947.3360142394995
2022-06-01,7236.56076594969,11200,0.01,6030.467304958075
2022-06-02,6597.016427096389,10200,3.16,5497.513689246991
2022-06-03,6268.06699599738,9680,0.16,5223.3891633311505
2022-06-04,5333.832116400177,8250,0.01,4444.860097000148
2022-06-05,4698.0208465141,7250,1.4,3915.017372095084
2022-06-06,4199.679773157556,6470,0.1,3499.7331442979635
2022-06-07,3808.5902284047684,5900,0.0,3173.825190337307
2022-06-08,3721.457300858114,5760,0.2,3101.214417381762
2022-06-09,4272.988350640489,6620,0.0,3560.823625533741
2022-06-10,3610.1557754016058,5580,0.0,3008.4631461680046
2022-06-11,3360.6215989823772,5220,0.08,2800.517999151981
2022-06-12,3729.8071512848824,5770,0.16,3108.172626070735
2022-06-13,3738.6367209129376,5780,0.78,3115.5306007607815
2022-06-14,3603.547818569668,5600,0.99,3002.9565154747233
2022-06-15,3359.006613857177,5210,0.07,2799.172178214314
2022-06-16,3212.416352092893,4980,0.01,2677.013626744077
2022-06-17,3346.164308744005,5170,1.39,2788.4702572866713
2022-06-18,3039.8246427768267,4730,0.41,2533.1872023140227
2022-06-19,2674.952362236158,4150,0.11,2229.1269685301318
2022-06-20,2410.020002348755,3720,0.07,2008.350001957296
2022-06-21,2216.259989250339,3410,0.09,1846.8833243752827
2022-06-22,2212.7354373663843,3410,0.38,1843.9461978053203
2022-06-23,3195.196612476906,4950,0.58,2662.663843730755
2022-06-24,3058.4516483797984,4720,0.13,2548.7097069831652
2022-06-25,4084.0193356685577,6310,0.24,3403.3494463904644
2022-06-26,3391.7315289752114,5250,0.08,2826.442940812676
2022-06-27,2934.7355954596396,4540,0.01,2445.6129962163664
2022-06-28,2987.4946390601276,4620,0.11,2489.57886588344
2022-06-29,3239.1024842334496,5020,0.0,2699.2520701945414
2022-06-30,2686.6263656966794,4150,0.26,2238.855304747233
2022-07-01,2542.5139056229887,3940,0.02,2118.761588019157
2022-07-02,2749.6038284705396,4250,0.09,2291.3365237254498
2022-07-03,3330.5767491992415,5160,0.45,2775.4806243327016
2022-07-04,2844.83832902673,4420,0.21,2370.6986075222753
2022-07-05,2309.569625434222,3560,0.02,1924.6413545285184
2022-07-06,2187.08011221145,3370,0.53,1822.5667601762084
2022-07-07,2183.901633023522,3370,0.32,1819.9180275196018
2022-07-08,2354.815641509352,3640,0.2,1962.34636792446
2022-07-09,5884.770945704981,9090,0.0,4903.975788087484
2022-07-10,2976.0047292960444,4620,0.67,2480.003941080037
2022-07-11,2567.0870577508913,3980,0.2,2139.2392147924097
2022-07-12,2465.404304337087,3830,0.39,2054.5035869475723
2022-07-13,2721.4385852560595,4200,0.05,2267.865487713383
2022-07-14,2633.066946266968,4060,0.06,2194.2224552224734
2022-07-15,2661.478511186094,4110,0.02,2217.898759321745
2022-07-16,2319.1698941712225,3570,0.32,1932.6415784760186
2022-07-17,2014.5198776836182,3110,0.34,1678.7665647363485
2022-07-18,1985.90789674099,3080,0.05,1654.9232472841584
2022-07-19,2731.6216759895124,4220,0.9,2276.351396657927
2022-07-20,2766.625048941375,4270,0.07,2305.5208741178126
2022-07-21,2368.532227382716,3670,0.0,1973.7768561522632
2022-07-22,2248.812226959468,3500,0.77,1874.0101891328898
2022-07-23,1982.435046776547,3080,0.54,1652.0292056471228
2022-07-24,1759.0392865281983,2720,0.01,1465.866072106832
2022-07-25,1795.4908475458947,2780,0.04,1496.2423729549123
2022-07-26,1864.2589142493116,2880,0.15,1553.5490952077596
2022-07-27,1695.536634536588,2620,0.01,1412.9471954471567
2022-07-28,1641.0015517057022,2520,0.16,1367.5012930880853
2022-07-29,1723.5548904597686,2650,0.19,1436.2957420498071
2022-07-30,1706.5792240216358,2620,0.08,1422.1493533513633
2022-07-31,1645.9949196160628,2540,0.17,1371.6624330133857
2022-08-01,1794.135000879549,2800,0.01,1495.1125007329574
2022-08-02,2219.562739354217,3450,0.22,1849.635616128514
2022-08-03,2006.614931185712,3130,0.22,1672.1791093214267
2022-08-04,1915.6533318852782,2960,0.09,1596.3777765710652
2022-08-05,2916.150598949568,4500,0.69,2430.12549912464
2022-08-06,2531.0086064896286,3910,0.04,2109.173838741357
2022-08-07,2210.5108916756813,3410,0.08,1842.0924097297345
2022-08-08,2084.154616488371,3230,0.08,1736.7955137403094
2022-08-09,2106.298874137605,3270,0.01,1755.2490617813373
2022-08-10,2447.7674188045457,3790,0.05,2039.8061823371215
2022-08-11,3427.250439555893,5300,0.01,2856.0420329632443
2022-08-12,3020.2878783050674,4680,0.1,2516.9065652542226
2022-08-13,3301.441303043305,5120,0.02,2751.201085869421
2022-08-14,2855.3551006067028,4430,0.02,2379.4625838389193
2022-08-15,2456.923417298103,3800,0.41,2047.4361810817522
2022-08-16,2125.189238749191,3270,0.03,1770.9910322909927
2022-08-17,1839.8172470666889,2840,0.42,1533.1810392222405
2022-08-18,1849.023316267102,2860,0.0,1540.8527635559183
2022-08-19,1848.9975292763904,2830,0.01,1540.831274396992
2022-08-20,1765.3317972748873,2720,0.19,1471.109831062406
2022-08-21,1659.826450687417,2570,0.07,1383.1887089061809
2022-08-22,1698.314084787776,2630,0.4,1415.2617373231467
2022-08-23,1710.5228564079862,2620,0.0,1425.4357136733217
2022-08-24,1848.0338895808804,2830,0.24,1540.0282413174004
2022-08-25,1722.1771148347748,2670,0.02,1435.1475956956456
2022-08-26,1708.8120465866234,2640,0.27,1424.0100388221863
2022-08-27,1580.1496820187704,2460,0.04,1316.7914016823086
2022-08-28,1368.451659728463,2120,0.05,1140.3763831070526
2022-08-29,1162.3973748415945,1820,0.02,968.6644790346621
2022-08-30,1158.6816130562609,1790,0.56,965.5680108802175
2022-08-31,1254.6879985960531,1940,0.97,1045.5733321633777
2022-09-01,1502.8962057140586,2320,0.71,1252.4135047617156
2022-09-02,1548.3455756705566,2390,0.35,1290.2879797254639
2022-09-03,1299.5615444961763,2010,0.08,1082.9679537468137
2022-09-04,1179.0878740707633,1820,0.13,982.5732283923028
2022-09-05,1135.5645015594537,1750,0.12,946.3037512995447
2022-09-06,2525.4968101380596,3900,0.09,2104.58067511505
2022-09-07,3307.6884605792648,5110,1.08,2756.4070504827205
2022-09-08,3702.9772087607553,5710,0.43,3085.8143406339627
2022-09-09,4808.325260142772,7430,0.68,4006.9377167856437
2022-09-10,4830.532184152881,7470,0.01,4025.443486794067
2022-09-11,4811.996381046683,7440,0.16,4009.9969842055693
2022-09-12,3736.501050209484,5800,0.41,3113.7508751745704
2022-09-13,4014.541477212318,6220,0.06,3345.451231010265
2022-09-14,3353.070726338895,5190,0.05,2794.2256052824123
2022-09-15,3222.639443099804,4990,1.2,2685.5328692498365
2022-09-16,2971.8413638009006,4590,0.05,2476.5344698340837
2022-09-17,2602.010234549291,4030,0.11,2168.341862124409
2022-09-18,2261.818803594593,3500,0.07,1884.8490029954942
2022-09-19,2003.4525795764844,3080,0.0,1669.5438163137371
2022-09-20,1788.2868616973506,2760,0.32,1490.2390514144588
2022-09-21,1604.6047151638636,2460,0.49,1337.1705959698863
2022-09-22,1479.551077443405,2290,0.05,1232.9592312028374
2022-09-23,1424.2730194919816,2200,0.03,1186.8941829099847
2022-09-24,1320.9037111463238,2050,0.24,1100.7530926219365
2022-09-25,1261.140566320926,1960,0.01,1050.9504719341048
2022-09-26,1197.1602053684144,1870,0.48,997.6335044736787
2022-09-27,1244.4458306137376,1910,0.0,1037.0381921781147
2022-09-28,1232.884772006066,1920,0.04,1027.4039766717217
2022-09-29,1281.6785094521945,1980,0.02,1068.0654245434955
2022-09-30,1304.1880426180294,2010,1.01,1086.8233688483579
2022-10-01,1610.3635146199617,2510,0.03,1341.9695955166349
2022-10-02,1831.8690020020576,2840,0.24,1526.5575016683813
2022-10-03,2357.095856704668,3640,0.03,1964.2465472538902
2022-10-04,3135.3596226021996,4850,0.31,2612.799685501833
2022-10-05,4004.880510092573,6200,0.01,3337.400425077144
2022-10-06,4580.414085270946,7080,0.05,3817.011737725788
2022-10-07,4106.755641183025,6350,0.26,3422.2963676525205
2022-10-08,3352.550687849005,5170,0.04,2793.7922398741707
2022-10-09,2730.453399605186,4230,0.15,2275.3778330043215
2022-10-10,2331.2098135108454,3620,0.08,1942.674844592371
2022-10-11,2067.2162181763642,3200,0.06,1722.6801818136369
2022-10-12,1856.7786379453396,2900,0.04,1547.3155316211164
2022-10-13,1852.092481065982,2870,0.0,1543.4104008883185
2022-10-14,1958.535901858278,3030,1.06,1632.1132515485651
2022-10-15,1791.7819694834782,2760,0.43,1493.1516412362319
2022-10-16,1679.6671744206071,2590,0.08,1399.722645350506
2022-10-17,1577.3601812061133,2440,0.47,1314.466817671761
2022-10-18,1544.238435950775,2390,0.24,1286.8653632923126
2022-10-19,1473.956576259059,2270,0.05,1228.297146882549
2022-10-20,1386.1365179902991,2140,0.04,1155.113764991916
2022-10-21,1344.5126257873071,2080,0.1,1120.4271881560892
2022-10-22,1293.5839483643078,2010,0.06,1077.9866236369232
2022-10-23,1280.277923845391,1980,0.02,1066.898269871159
2022-10-24,1269.054683780736,1950,0.47,1057.54556981728
2022-10-25,1258.3907401407257,1950,0.05,1048.6589501172714
2022-10-26,1278.9968564551257,2000,0.15,1065.8307137126048
2022-10-27,1269.3024173308283,1970,0.2,1057.752014442357
2022-10-28,1244.3176255578178,1930,0.08,1036.9313546315148
2022-10-29,1235.004263983445,1890,0.31,1029.1702199862043
2022-10-30,1199.7616252017483,1860,0.82,999.8013543347902
2022-10-31,1191.9737955048886,1850,0.26,993.3114962540739
2022-11-01,1238.651340766319,1910,0.06,1032.209450638599
2022-11-02,1269.436188068981,1980,0.05,1057.8634900574843
2022-11-03,1253.5465270314335,1940,0.5,1044.622105859528
2022-11-04,1270.7710503409542,1960,0.0,1058.9758752841285
2022-11-05,1247.831843536695,1940,0.1,1039.8598696139125
2022-11-06,1215.182149422541,1880,0.23,1012.6517911854509
2022-11-07,1236.3091406848607,1920,0.06,1030.257617237384
2022-11-08,1211.9186319732125,1860,0.15,1009.9321933110105
2022-11-09,1185.1319566172272,1820,0.17,987.6099638476893
2022-11-10,1169.2621889525528,1810,0.29,974.3851574604607
2022-11-11,1443.8533735829335,2220,0.24,1203.2111446524445
2022-11-12,1949.5037198863222,3030,0.63,1624.5864332386016
2022-11-13,2708.594179861514,4180,0.37,2257.161816551262
2022-11-14,8725.244882790166,13500,0.44,7271.037402325139
2022-11-15,9247.153089983933,14300,0.46,7705.960908319943
2022-11-16,8850.18008629696,13700,0.11,7375.150071914133
2022-11-17,7168.250735068766,11100,0.47,5973.542279223971
2022-11-18,7179.831367133986,11100,0.18,5983.192805944988
2022-11-19,7369.832295307221,11400,0.21,6141.526912756017
2022-11-20,6155.54506729761,9520,0.09,5129.620889414675
2022-11-21,4991.867226324851,7710,0.0,4159.889355270709
2022-11-22,4242.315148224133,6550,0.1,3535.2626235201105
2022-11-23,3713.2061980742956,5760,0.33,3094.3384983952465
2022-11-24,3249.106000590588,5020,0.13,2707.5883338254903
2022-11-25,3020.0307139593565,4680,0.04,2516.692261632797
2022-11-26,2786.0509295595525,4320,0.01,2321.709107966294
2022-11-27,2586.7920145259372,4020,0.13,2155.660012104948
2022-11-28,2508.2331270632662,3890,0.71,2090.1942725527215
2022-11-29,2400.491417123941,3720,0.03,2000.409514269951
2022-11-30,2449.764980292512,3770,0.23,2041.4708169104265
2022-12-01,2434.9793292213394,3780,0.16,2029.149441017783
2022-12-02,2361.4836340368065,3660,0.0,1967.9030283640052
2022-12-03,2473.89822656581,3820,0.02,2061.5818554715083
2022-12-04,2548.7459699573747,3930,0.7,2123.954974964479
2022-12-05,2419.579282292958,3760,0.1,2016.3160685774649
2022-12-06,2441.7995414246307,3790,0.02,2034.832951187192
2022-12-07,2511.643165595081,3870,0.2,2093.035971329234
2022-12-08,2442.614673319812,3800,0.01,2035.51222776651
2022-12-09,2409.407395960489,3740,0.32,2007.8394966337405
2022-12-10,2418.7105549909957,3760,0.14,2015.5921291591633
2022-12-11,2489.341531910473,3840,0.01,2074.451276592061
2022-12-12,2423.269909950165,3750,0.0,2019.3915916251378
2022-12-13,2384.9524289408673,3690,0.0,1987.4603574507225
2022-12-14,2342.0914580774906,3600,0.58,1951.742881731242
2022-12-15,3698.851052065113,5730,0.02,3082.3758767209274
2022-12-16,9683.473751160727,15000,0.1,8069.561459300606
2022-12-17,14277.813948016688,22100,0.0,11898.178290013906
2022-12-18,13564.662321514978,21000,0.16,11303.885267929149
2022-12-19,11048.035319690689,17100,0.04,9206.696099742241
2022-12-20,8591.534500233665,13300,0.21,7159.612083528054
2022-12-21,6921.141938730107,10700,0.15,5767.618282275089
2022-12-22,6533.878290274551,10100,0.12,5444.898575228793
2022-12-23,20749.31886670058,32100,0.78,17291.099055583818
2022-12-24,25982.09970086962,40200,0.3,21651.749750724684
2022-12-25,20823.325035452817,32200,0.45,17352.770862877347
2022-12-26,14088.626146763121,21800,0.08,11740.521788969269
2022-12-27,10668.455872100194,16500,0.05,8890.379893416828
2022-12-28,8841.222444820609,13700,0.81,7367.68537068384
2022-12-29,7683.921144392643,11900,0.1,6403.267620327203
2022-12-30,6926.131574643659,10700,0.04,5771.77631220305
2022-12-31,6312.379522185829,9760,0.59,5260.316268488191
2023-01-01,6284.590299204411,9710,0.05,5237.158582670342
2023-01-02,6465.023860939223,10000,0.05,5387.519884116019
2023-01-03,7293.324033447681,11300,0.01,6077.770027873068
2023-01-04,7703.743777594217,11900,0.03,6419.786481328513
2023-01-05,7493.268281873535,11600,0.36,6244.390234894612
2023-01-06,7429.592233132586,11500,0.03,6191.326860943822
2023-01-07,6775.399704638212,10500,0.01,5646.166420531844
2023-01-08,6108.893917529236,9460,0.75,5090.744931274364
2023-01-09,5540.443096352775,8570,0.01,4617.035913627312
2023-01-10,5069.357011875971,7860,0.34,4224.464176563309
2023-01-11,4725.573718868566,7300,0.43,3937.9780990571385
2023-01-12,4448.235655435916,6860,0.71,3706.8630461965968
2023-01-13,4547.896534305327,7030,0.06,3789.913778587773
2023-01-14,4364.668504019044,6750,0.96,3637.2237533492034
2023-01-15,4169.2648040877375,6460,0.21,3474.387336739781
2023-01-16,4071.1229053528778,6290,0.11,3392.6024211273984
2023-01-17,3879.1353426598753,6000,0.05,3232.612785549896
2023-01-18,3714.7123982465773,5770,0.0,3095.593665205481
2023-01-19,3638.165545211593,5630,0.55,3031.804621009661
2023-01-20,3679.524805899176,5700,0.75,3066.2706715826466
2023-01-21,3794.986323227221,5870,0.22,3162.488602689351
2023-01-22,4096.212122651065,6340,0.27,3413.510102209221
2023-01-23,4481.069051957858,6920,0.18,3734.224209964882
2023-01-24,5142.2320054847605,7950,0.11,4285.193337903967
2023-01-25,5952.66411696783,9220,0.04,4960.553430806524
2023-01-26,6332.107540173829,9800,0.21,5276.75628347819
2023-01-27,6450.122952169182,10000,0.07,5375.102460140985
2023-01-28,6273.679300825024,9720,0.02,5228.066084020853
2023-01-29,6208.363377537754,9610,0.8,5173.636147948128
2023-01-30,6097.840703400095,9420,0.02,5081.533919500079
2023-01-31,5855.037341131165,9050,0.43,4879.197784275971
2023-02-01,5692.209553681837,8790,0.18,4743.50796140153
2023-02-02,5405.530943457659,8380,0.05,4504.609119548049
2023-02-03,5188.334193594483,8020,0.31,4323.611827995402
2023-02-04,5015.075292923769,7760,0.03,4179.229410769808
2023-02-05,5024.267644795476,7760,0.13,4186.88970399623
2023-02-06,4759.827015839143,7360,0.41,3966.522513199286
2023-02-07,4299.297953113083,6670,0.32,3582.748294260902
2023-02-08,4187.610864216042,6470,0.43,3489.6757201800347
2023-02-09,3998.285502553214,6180,0.0,3331.9045854610117
2023-02-10,3857.200130481652,5970,0.06,3214.333442068043
2023-02-11,3689.037419477287,5710,0.2,3074.1978495644057
2023-02-12,3681.767079864547,5700,0.0,3068.139233220456
2023-02-13,4974.04340225002,7700,0.0,4145.036168541684
2023-02-14,4429.535843343676,6850,0.03,3691.279869453063
2023-02-15,4190.645776072823,6480,0.01,3492.204813394019
2023-02-16,5463.922464345466,8440,0.37,4553.268720287888
2023-02-17,7495.47730164183,11600,0.09,6246.231084701525
2023-02-18,8069.656689554667,12500,0.07,6724.713907962221
2023-02-19,8783.068525988654,13600,0.2,7319.223771657213
2023-02-20,10989.630864499775,17000,0.38,9158.025720416479
2023-02-21,10542.941114376405,16300,0.02,8785.784261980338
2023-02-22,8726.607716688084,13500,0.35,7272.173097240071
2023-02-23,7688.858024391287,11900,0.01,6407.381686992739
2023-02-24,6842.762389234864,10600,0.0,5702.301991029053
2023-02-25,6473.575445646917,10000,0.04,5394.646204705764
2023-02-26,6246.854162037785,9660,0.36,5205.711801698154
2023-02-27,5800.271648844553,8970,0.04,4833.559707370461
2023-02-28,5662.831326037398,8760,0.05,4719.026105031165
2023-03-01,6005.910380678607,9300,0.62,5004.925317232172
2023-03-02,11492.415194190828,17800,0.16,9577.012661825689
2023-03-03,12090.02722660401,18700,0.01,10075.022688836676
2023-03-04,13434.050783568926,20800,0.0,11195.042319640772
2023-03-05,23073.222696952216,35700,0.93,19227.685580793514
2023-03-06,20891.80819940004,32300,0.04,17409.8401661667
2023-03-07,16276.66045821187,25200,0.02,13563.883715176558
2023-03-08,13383.951327578943,20700,0.05,11153.292772982451
2023-03-09,11053.38411773059,17100,0.03,9211.153431442157
2023-03-10,9502.302661714204,14700,0.03,7918.585551428504
2023-03-11,8410.537702627884,13000,0.02,7008.78141885657
2023-03-12,7434.708092602549,11500,0.0,6195.590077168791
2023-03-13,7055.08534530834,10900,0.49,5879.23778775695
2023-03-14,6591.130360116254,10200,1.0,5492.608633430212
2023-03-15,6039.348879888106,9360,0.01,5032.790733240088
2023-03-16,5572.934466342284,8630,1.0,4644.112055285237
2023-03-17,5262.502420357075,8130,0.24,4385.418683630895
2023-03-18,4971.149194041548,7690,0.25,4142.624328367957
2023-03-19,4682.634188883819,7240,0.0,3902.1951574031823
2023-03-20,4446.724587371537,6870,0.0,3705.603822809614
2023-03-21,4240.122921160608,6560,0.11,3533.43576763384
2023-03-22,4134.60360432136,6400,0.03,3445.503003601133
2023-03-23,4029.3942253074893,6230,0.31,3357.828521089574
2023-03-24,4116.211223619565,6380,0.12,3430.176019682971
2023-03-25,4885.547427798619,7550,0.0,4071.289523165515
2023-03-26,6421.366499735582,9920,0.19,5351.138749779651
2023-03-27,11052.807214667968,17100,0.26,9210.672678889974
2023-03-28,11641.43365637423,18000,0.34,9701.194713645193
2023-03-29,9874.003097229986,15300,0.28,8228.335914358322
2023-03-30,8268.75323019332,12800,0.06,6890.627691827767
2023-03-31,7116.818815113846,11000,0.03,5930.682345928205
2023-04-01,6454.564439647329,9980,0.17,5378.803699706108
2023-04-02,5961.380798075724,9230,0.0,4967.81733172977
2023-04-03,5573.51227876839,8630,0.02,4644.593565640325
2023-04-04,5358.207532193567,8290,0.15,4465.17294349464
2023-04-05,5503.285468365465,8520,0.48,4586.071223637888
2023-04-06,5565.368235827352,8610,0.02,4637.80686318946
2023-04-07,5307.96602643445,8210,0.03,4423.305022028709
2023-04-08,5009.938520305251,7740,0.15,4174.948766921042
2023-04-09,4699.878228645655,7300,0.39,3916.5651905380464
2023-04-10,4478.0095182089535,6930,0.07,3731.6745985074613
2023-04-11,4162.674957961723,6460,0.09,3468.8957983014357
2023-04-12,3936.1439369076743,6100,0.28,3280.119947423062
2023-04-13,3729.0071200276084,5770,0.52,3107.5059333563404
2023-04-14,3580.566747195608,5530,0.16,2983.8056226630065
2023-04-15,3503.1471526718647,5440,0.75,2919.289293893221
2023-04-16,3400.7119070132867,5250,0.29,2833.926589177739
2023-04-17,3654.5014816113767,5660,0.33,3045.417901342814
2023-04-18,3486.0138931312704,5400,0.17,2905.011577609392
2023-04-19,3404.529566320048,5270,0.08,2837.1079719333734
2023-04-20,3256.3990176693032,5040,0.28,2713.6658480577526
2023-04-21,2988.444919190233,4640,0.08,2490.370765991861
2023-04-22,2986.5648915416764,4620,0.63,2488.8040762847304
2023-04-23,3103.292054686048,4790,0.06,2586.076712238373
2023-04-24,2916.189364037933,4510,1.31,2430.1578033649444
2023-04-25,2854.802889493062,4430,0.14,2379.002407910885
2023-04-26,2704.8952556796257,4190,0.03,2254.079379733021
2023-04-27,2626.3330189008743,4070,0.23,2188.610849084062
2023-04-28,2997.2935485544235,4630,0.35,2497.7446237953527
2023-04-29,4635.633697816362,7180,0.04,3863.0280815136343
2023-04-30,6844.940193629169,10600,1.64,5704.116828024307
2023-05-01,13636.301219828552,21100,0.0,11363.584349857128
2023-05-02,17651.1288590104,27300,0.08,14709.274049175334
2023-05-03,16687.95407771548,25800,0.31,13906.628398096234
2023-05-04,13308.988437181397,20600,1.0,11090.823697651165
2023-05-05,11439.746285444033,17700,0.01,9533.121904536694
2023-05-06,11445.378535729451,17700,0.01,9537.81544644121
2023-05-07,10664.181545092715,16500,0.01,8886.817954243928
2023-05-08,9116.097604803912,14100,0.2,7596.74800400326
2023-05-09,7807.397014799252,12100,0.0,6506.164178999377
2023-05-10,7315.188563196993,11300,0.0,6095.990469330827
2023-05-11,7831.947328411399,12100,0.02,6526.622773676167
2023-05-12,12155.513851775653,18800,0.03,10129.59487647971
2023-05-13,10082.523475244834,15600,0.39,8402.10289603736
2023-05-14,8339.496930632853,12900,0.38,6949.580775527377
2023-05-15,7105.846177378406,11000,0.52,5921.538481148671
2023-05-16,6223.307219857192,9620,0.17,5186.089349880993
2023-05-17,6108.673450357239,9430,0.07,5090.561208631032
2023-05-18,5402.574654105608,8360,0.04,4502.145545088006
2023-05-19,4878.273464353669,7550,0.01,4065.227886961391
2023-05-20,4281.509697824315,6630,0.01,3567.924748186929
2023-05-21,3930.783626316296,6080,0.0,3275.6530219302463
2023-05-22,3461.6303421901657,5370,0.03,2884.691951825138
2023-05-23,3194.9026499263814,4940,0.05,2662.4188749386512
2023-05-24,2958.334288025556,4560,0.15,2465.2785733546298
2023-05-25,2720.032100860404,4200,0.06,2266.6934173836703
2023-05-26,2546.841978918542,3920,0.35,2122.368315765452
2023-05-27,2374.9815938754973,3690,0.12,1979.151328229581
2023-05-28,2541.096507749823,3920,0.07,2117.5804231248526
2023-05-29,2525.2425476217268,3910,0.15,2104.3687896847723
2023-05-30,2253.634981334248,3470,0.39,1878.0291511118733
2023-05-31,2024.2567424146494,3130,0.83,1686.8806186788745
2023-06-01,1942.4635061138029,3020,0.43,1618.719588428169
2023-06-02,1845.6861035129314,2840,0.17,1538.0717529274427
2023-06-03,1618.897468753069,2510,0.13,1349.0812239608908
2023-06-04,1593.0412772963793,2450,0.14,1327.5343977469827
2023-06-05,1505.5303657898953,2350,0.26,1254.608638158246
2023-06-06,1388.9863899000886,2140,0.0,1157.488658250074
2023-06-07,1345.8529571901029,2090,0.05,1121.5441309917526
2023-06-08,1383.7113208065207,2160,0.08,1153.0927673387673
2023-06-09,1231.2587694685533,1910,0.01,1026.0489745571276
2023-06-10,1198.839191632641,1840,0.16,999.0326596938675
2023-06-11,1140.9260169793745,1740,0.11,950.7716808161455
2023-06-12,1104.359828496768,1700,0.08,920.2998570806399
2023-06-13,1169.0629815593459,1810,0.02,974.2191512994548
2023-06-14,1125.828346010624,1760,1.09,938.1902883421867
2023-06-15,1130.7342008537355,1770,1.17,942.2785007114463
2023-06-16,1165.8578854229188,1800,0.01,971.5482378524323
2023-06-17,1199.0803611334732,1860,0.02,999.2336342778943
2023-06-18,1202.6491360725063,1840,0.72,1002.2076133937553
2023-06-19,1189.0711196029827,1840,0.11,990.8925996691522
2023-06-20,1369.7672212374748,2120,0.87,1141.4726843645622
2023-06-21,1612.9273184744327,2510,1.41,1344.106098728694
2023-06-22,1579.598097112709,2430,0.32,1316.331747593924
2023-06-23,2049.8995529897766,3170,1.27,1708.2496274914806
2023-06-24,2012.5234609709144,3110,0.07,1677.1028841424286
2023-06-25,1968.5434178039955,3030,1.14,1640.4528481699963
2023-06-26,2338.754359356656,3600,0.26,1948.961966130547
2023-06-27,3863.8895821944243,5980,0.01,3219.9079851620204
2023-06-28,4256.599975440369,6580,0.95,3547.1666462003077
2023-06-29,3426.4930416528236,5310,0.28,2855.41086804402
2023-06-30,3023.6909417411334,4670,0.07,2519.742451450945
2023-07-01,2907.8447980849187,4500,0.03,2423.203998404099
2023-07-02,2620.4275020430355,4060,0.11,2183.689585035863
2023-07-03,2303.5691009182365,3580,0.08,1919.640917431864
2023-07-04,2574.6468073191613,3990,0.13,2145.5390060993013
2023-07-05,2472.174916158687,3830,0.27,2060.1457634655726
2023-07-06,2536.4990988085824,3910,0.15,2113.749249007152
2023-07-07,2428.0902602103115,3740,0.95,2023.4085501752595
2023-07-08,1933.2654739599739,3000,0.0,1611.0545616333116
2023-07-09,1720.9061922971234,2660,0.17,1434.088493580936
2023-07-10,1816.5633516068524,2820,0.15,1513.8027930057103
2023-07-11,1679.0891711606805,2610,0.62,1399.2409759672337
2023-07-12,1744.3121781235034,2700,0.03,1453.5934817695863
2023-07-13,1695.3895024333892,2620,0.09,1412.8245853611577
2023-07-14,1806.3692421365704,2790,0.4,1505.3077017804753
2023-07-15,2326.145887659074,3600,0.69,1938.4549063825616
2023-07-16,1884.5391618406982,2930,1.49,1570.449301533915
2023-07-17,1488.059464349978,2290,0.15,1240.0495536249816
2023-07-18,1271.761835956775,1960,0.01,1059.8015299639792
2023-07-19,1652.3020280986657,2540,0.0,1376.918356748888
2023-07-20,2077.141778143321,3210,0.81,1730.9514817861007
2023-07-21,2227.6268829166866,3450,0.01,1856.3557357639056
2023-07-22,1914.1874240257816,2960,0.14,1595.1561866881514
2023-07-23,1571.9438273381047,2430,0.0,1309.9531894484207
2023-07-24,1495.3037361064412,2300,0.02,1246.0864467553677
2023-07-25,1287.5405646804645,2000,0.22,1072.9504705670538
2023-07-26,1173.684901028738,1820,0.0,978.0707508572817
2023-07-27,1078.1290912679622,1680,0.04,898.4409093899684
2023-07-28,1123.1235328272123,1750,0.02,935.9362773560102
2023-07-29,1380.6619500957447,2120,0.04,1150.5516250797873
2023-07-30,1232.1926093208608,1910,0.08,1026.8271744340507
2023-07-31,921.81045423175,1410,0.12,768.1753785264584
2023-08-01,946.9018822655745,1440,0.18,789.0849018879787
2023-08-02,874.9706385531546,1350,0.15,729.1421987942955
2023-08-03,788.4529927065702,1220,0.45,657.0441605888084
2023-08-04,759.9660985218933,1170,0.09,633.3050821015777
2023-08-05,729.2025830270791,1110,0.01,607.6688191892326
2023-08-06,809.5951468545121,1250,0.11,674.66262237876
2023-08-07,1451.663923776951,2240,0.1,1209.7199364807925
2023-08-08,2255.4661982215534,3480,0.26,1879.5551651846279
2023-08-09,1342.8194862053056,2080,0.0,1119.0162385044212
2023-08-10,1576.3904081710314,2430,0.56,1313.6586734758594
2023-08-11,1615.5921829901492,2490,0.38,1346.3268191584577
2023-08-12,1341.0160852285535,2070,0.08,1117.513404357128
2023-08-13,1077.077046987972,1680,0.0,897.5642058233099
2023-08-14,923.8026295078281,1430,0.03,769.8355245898567
2023-08-15,934.9420419170679,1460,0.3,779.1183682642231
2023-08-16,1017.8697645697827,1580,0.34,848.2248038081523
2023-08-17,878.6722631720925,1360,0.02,732.2268859767437
2023-08-18,812.8599590939319,1270,0.05,677.3832992449433
2023-08-19,784.6576142425159,1220,0.31,653.8813452020966
2023-08-20,730.8561286988294,1130,0.0,609.0467739156911
2023-08-21,665.7708623722432,1020,0.09,554.8090519768693
2023-08-22,583.2807888798462,908,0.02,486.06732406653856
2023-08-23,551.7829618991456,856,0.02,459.81913491595463
2023-08-24,513.387634794447,794,0.0,427.82302899537245
2023-08-25,595.8347537426779,900,0.1,496.5289614522316
2023-08-26,789.5937860578146,1240,0.05,657.9948217148454
2023-08-27,547.4723566156707,851,0.0,456.2269638463922
2023-08-28,495.37585080675154,770,0.23,412.8132090056263
2023-08-29,392.70537807609963,632,0.05,327.25448173008306
2023-08-30,476.7989911670445,729,0.04,397.33249263920374
2023-08-31,381.3819214328178,599,0.38,317.81826786068154
2023-09-01,462.5535579556913,706,0.0,385.4612982964094
2023-09-02,527.4365828089906,810,0.21,439.5304856741588
2023-09-03,521.5347526193815,772,0.01,434.61229384948456
2023-09-04,410.8516851061018,646,0.47,342.3764042550848
2023-09-05,366.8075041752246,560,0.06,305.67292014602054
2023-09-06,324.29758854609213,522,0.1,270.2479904550768
2023-09-07,277.8946826107565,450,0.09,231.5789021756304
2023-09-08,486.32593194138997,748,0.02,405.2716099511583
2023-09-09,1117.4822182873515,1730,0.05,931.2351819061263
2023-09-10,1495.0225710901088,2300,0.61,1245.8521425750907
2023-09-11,1500.3554865632611,2330,0.11,1250.2962388027177
2023-09-12,1041.474601352623,1600,0.04,867.8955011271859
2023-09-13,1849.4862591082938,2870,0.01,1541.2385492569115
2023-09-14,1516.923949111178,2320,0.02,1264.1032909259816
2023-09-15,1036.4377269747263,1600,0.02,863.6981058122719
2023-09-16,800.128909420392,1230,0.25,666.7740911836601
2023-09-17,808.4060079636075,1250,1.08,673.6716733030063
2023-09-18,765.8907927475833,1170,0.17,638.2423272896527
2023-09-19,735.9254629290921,1150,0.09,613.2712191075767
2023-09-20,788.7565024472033,1230,0.08,657.2970853726694
2023-09-21,849.9162636108949,1320,0.18,708.2635530090791
2023-09-22,989.5673730231694,1530,0.76,824.6394775193078
2023-09-23,1295.0733944700219,2010,0.07,1079.2278287250183
2023-09-24,3556.5847876127023,5510,0.15,2963.820656343919
2023-09-25,2748.6787610842016,4270,0.49,2290.5656342368347
2023-09-26,2307.5150986426393,3590,0.26,1922.9292488688661
2023-09-27,2986.4575431601684,4630,0.01,2488.7146193001404
2023-09-28,2837.414995890093,4410,0.01,2364.5124965750774
2023-09-29,2315.55433498674,3580,0.51,1929.6286124889498
2023-09-30,1936.0936173018372,3000,0.11,1613.411347751531
2023-10-01,1627.5474205274409,2510,0.0,1356.2895171062007
2023-10-02,1314.6791768997693,2050,0.22,1095.5659807498077
2023-10-03,1239.6313221353976,1900,0.98,1033.026101779498
2023-10-04,1134.7429344040675,1750,0.43,945.6191120033897
2023-10-05,967.6371969965688,1520,0.02,806.364330830474
2023-10-06,941.2640855307435,1470,0.02,784.3867379422862
2023-10-07,915.8168055315482,1430,0.09,763.1806712762901
2023-10-08,971.0455922241979,1500,0.04,809.2046601868315
2023-10-09,850.0456513663619,1300,0.01,708.3713761386349
2023-10-10,868.9960747305286,1360,0.33,724.1633956087738
2023-10-11,918.3732231636217,1400,0.07,765.3110193030182
2023-10-12,866.879470172631,1330,0.07,722.3995584771925
2023-10-13,840.5867281730458,1290,0.19,700.4889401442048
2023-10-14,852.1310346664017,1320,0.42,710.1091955553347
2023-10-15,1009.4058855216397,1550,0.48,841.171571268033
2023-10-16,908.6127382671343,1410,0.08,757.1772818892786
2023-10-17,888.3960011097889,1400,0.53,740.3300009248242
2023-10-18,1019.2924251557241,1590,0.05,849.4103542964367
2023-10-19,1175.4487226295607,1810,0.11,979.5406021913006
2023-10-20,1115.8212609984173,1720,0.04,929.8510508320144
2023-10-21,1081.8911623913407,1640,0.16,901.5759686594505
2023-10-22,931.1602362524081,1460,0.14,775.9668635436735
2023-10-23,848.797185731527,1310,0.73,707.3309881096058
2023-10-24,801.054320370875,1230,0.3,667.5452669757292
2023-10-25,811.0600137875856,1260,0.73,675.883344822988
2023-10-26,762.1698560642351,1180,0.0,635.141546720196
2023-10-27,754.6585378712374,1160,0.13,628.8821148926979
2023-10-28,747.8511502805575,1170,0.0,623.2092919004646
2023-10-29,813.4004245280054,1240,0.06,677.8336871066712
2023-10-30,693.9620146964802,1070,0.28,578.3016789137334
2023-10-31,702.636251792394,1100,0.14,585.5302098269949
2023-11-01,714.4518607189023,1090,0.14,595.3765505990852
2023-11-02,669.5827438356234,1040,0.3,557.9856198630196
2023-11-03,675.3144051857875,1040,0.65,562.7620043214895
2023-11-04,659.6663389150381,1020,0.01,549.721949095865
2023-11-05,641.5026486246592,988,0.0,534.5855405205493
2023-11-06,661.6250859652066,1020,0.15,551.3542383043389
2023-11-07,585.0458485408614,904,0.05,487.53820711738445
2023-11-08,637.836796745118,996,0.28,531.530663954265
2023-11-09,668.5529848981048,1050,0.1,557.1274874150873
2023-11-10,683.0212324440387,1040,0.87,569.1843603700322
2023-11-11,664.1296764245084,1030,0.04,553.4413970204237
2023-11-12,737.9623815957632,1140,0.01,614.9686513298026
2023-11-13,710.2619921499387,1110,0.07,591.8849934582822
2023-11-14,710.8247624128437,1090,0.28,592.3539686773697
2023-11-15,706.1344120683871,1080,0.45,588.4453433903226
2023-11-16,684.7965067593915,1060,0.01,570.6637556328262
2023-11-17,701.9970011754585,1090,0.4,584.9975009795488
2023-11-18,717.9840112550867,1090,0.32,598.3200093792389
2023-11-19,717.5127908248245,1110,0.15,597.9273256873538
2023-11-20,704.9831217637189,1090,0.15,587.4859348030991
2023-11-21,894.9739043419831,1400,0.0,745.8115869516527
2023-11-22,2609.2559451167353,4060,0.01,2174.3799542639463
2023-11-23,3136.271641374894,4850,0.0,2613.559701145745
2023-11-24,6780.802655954975,10500,0.14,5650.66887996248
2023-11-25,5983.6948420527915,9260,0.15,4986.412368377327
2023-11-26,4444.363883544257,6860,0.06,3703.636569620214
2023-11-27,3278.8098026754315,5060,0.04,2732.341502229526
2023-11-28,2572.5592805496335,3970,0.05,2143.799400458028
2023-11-29,2096.8240901516588,3240,0.0,1747.3534084597154
2023-11-30,1786.8221881013933,2780,0.0,1489.0184900844945
2023-12-01,1615.9889695535567,2510,0.39,1346.657474627964
2023-12-02,1509.0970328829026,2350,0.24,1257.5808607357521
2023-12-03,1684.30847086237,2610,1.72,1403.5903923853084
2023-12-04,1649.9450681607736,2550,0.1,1374.9542234673113
2023-12-05,1504.830493973935,2330,0.16,1254.025411644946
2023-12-06,1523.5843695368185,2360,0.09,1269.653641280682
2023-12-07,1503.1754844840996,2340,0.05,1252.646237070083
2023-12-08,1421.353614859937,2210,0.2,1184.461345716614
2023-12-09,1478.9074524112657,2270,0.35,1232.422877009388
2023-12-10,1551.718891058213,2390,0.04,1293.0990758818443
2023-12-11,3926.432093102648,6070,0.01,3272.0267442522063
2023-12-12,3785.4297621765186,5840,0.34,3154.5248018137654
2023-12-13,4452.345817771879,6900,0.08,3710.288181476566
2023-12-14,5057.582868961929,7830,0.26,4214.652390801608
2023-12-15,4419.08441181093,6850,0.03,3682.570343175775
2023-12-16,3619.66485444422,5590,0.05,3016.387378703517
2023-12-17,3302.9084985228747,5100,0.01,2752.4237487690625
2023-12-18,11313.803129559605,17500,0.64,9428.169274633005
2023-12-19,13566.045825447136,21000,0.2,11305.038187872613
2023-12-20,12026.370735690738,18600,0.2,10021.975613075616
2023-12-21,8975.389674773289,13900,0.01,7479.491395644408
2023-12-22,6661.624484732276,10300,0.49,5551.353737276897
2023-12-23,5121.302933837653,7930,0.28,4267.752444864711
2023-12-24,4288.072197734414,6640,0.36,3573.3934981120115
2023-12-25,3674.6508852264133,5690,0.82,3062.209071022011
2023-12-26,3287.139225742292,5100,0.29,2739.282688118577
2023-12-27,3588.5111084877794,5580,0.26,2990.425923739816
2023-12-28,4841.265588573407,7490,0.07,4034.387990477839
2023-12-29,4960.4326294526945,7670,0.68,4133.693857877245
2023-12-30,6587.445212170075,10200,0.03,5489.537676808395
2023-12-31,6590.872719942068,10200,0.23,5492.393933285057
2024-01-01,5770.974944951789,8930,0.0,4809.1457874598245
