timestamp,interceptor_flow_gpm
2022-01-01,1509370.5792075365
2022-01-02,2388439.3493005233
2022-01-03,3306822.7424244983
2022-01-04,6198516.59510245
2022-01-05,6099981.840719471
2022-01-06,5391933.181722744
2022-01-07,4851124.337110947
2022-01-08,4233293.822119807
2022-01-09,3661084.263346068
2022-01-10,3555061.7401635186
2022-01-11,3260144.367332422
2022-01-12,3115110.708452963
2022-01-13,3429746.4353464353
2022-01-14,3734711.2407959225
2022-01-15,3627383.4109612014
2022-01-16,3284352.132303715
2022-01-17,2908027.0300237793
2022-01-18,2847497.573242778
2022-01-19,3130537.1628091387
2022-01-20,3393480.714623364
2022-01-21,3522385.630117687
2022-01-22,3596675.6257308996
2022-01-23,3343126.0370880514
2022-01-24,3473466.021865961
2022-01-25,3453573.2952729147
2022-01-26,3319692.84107662
2022-01-27,2926506.9099043757
2022-01-28,2775278.7864114484
2022-01-29,2579645.118971802
2022-01-30,2251007.9629992186
2022-01-31,1959134.4617307575
2022-02-01,2155786.2389143617
2022-02-02,2228704.449572224
2022-02-03,2249301.5941124023
2022-02-04,3594567.275310902
2022-02-05,9430684.100138206
2022-02-06,17769146.36963158
2022-02-07,15850530.2088169
2022-02-08,11345186.192332344
2022-02-09,8797400.458739622
2022-02-10,7227036.181526488
2022-02-11,6143248.429830982
2022-02-12,5524595.424791046
2022-02-13,5062097.887344412
2022-02-14,4667152.963505906
2022-02-15,4375213.91141436
2022-02-16,4055378.246355605
2022-02-17,3752944.304739817
2022-02-18,3541610.7035642606
2022-02-19,3940663.821420343
2022-02-20,6501249.607912147
2022-02-21,7004103.0679332595
2022-02-22,6197407.335926274
2022-02-23,5479844.857628914
2022-02-24,5023043.209166213
2022-02-25,5352071.690255611
2022-02-26,5561484.666224678
2022-02-27,6959267.362175567
2022-02-28,8622359.208576486
2022-03-01,7854120.414181891
2022-03-02,6819582.620152458
2022-03-03,6048256.494345465
2022-03-04,5339830.142982197
2022-03-05,4803947.122506091
2022-03-06,4376930.4293621015
2022-03-07,3981153.170099083
2022-03-08,3701620.8196287923
2022-03-09,3664225.111609978
2022-03-10,3735521.826685912
2022-03-11,3943748.2801530864
2022-03-12,4420272.107371189
2022-03-13,4491352.949504758
2022-03-14,4328766.558948834
2022-03-15,4279930.126292805
2022-03-16,4349035.759665471
2022-03-17,4350318.238031934
2022-03-18,4331390.11974949
2022-03-19,4278902.692994191
2022-03-20,4262018.264829329
2022-03-21,4339560.162442432
2022-03-22,4040996.520396214
2022-03-23,3823629.895209481
2022-03-24,3818559.977364406
2022-03-25,3834481.7218938544
2022-03-26,3783514.570435195
2022-03-27,3768130.4437183654
2022-03-28,3983628.2636483037
2022-03-29,3780317.505571957
2022-03-30,3529306.1958471956
2022-03-31,3400815.579735507
2022-04-01,3614125.837133682
2022-04-02,3976497.54922889
2022-04-03,4624669.4098295495
2022-04-04,5292641.292756804
2022-04-05,5026039.945711198
2022-04-06,6194411.590491451
2022-04-07,7091477.24650883
2022-04-08,16468511.417607563
2022-04-09,20862598.221392546
2022-04-10,18270902.843675997
2022-04-11,14094408.212411784
2022-04-12,11267647.65944272
2022-04-13,9203187.762373874
2022-04-14,7760371.424578706
2022-04-15,6735000.103898777
2022-04-16,5930384.432839805
2022-04-17,5247939.505490124
2022-04-18,4760456.037563815
2022-04-19,5028620.206502102
2022-04-20,5480205.058745285
2022-04-21,5562715.891509169
2022-04-22,6011021.931587244
2022-04-23,5878854.876660971
2022-04-24,5790970.048119147
2022-04-25,5744047.440985025
2022-04-26,5486825.217889235
2022-04-27,5116724.156571837
2022-04-28,4532570.068850334
2022-04-29,4235230.2390107885
2022-04-30,4083696.295279785
2022-05-01,3806799.828647707
2022-05-02,3668558.9187756125
2022-05-03,3610972.4217452183
2022-05-04,4807375.303115834
2022-05-05,5334586.542611472
2022-05-06,9107549.886012312
2022-05-07,20105328.484631464
2022-05-08,43981547.81005901
2022-05-09,45784121.25999968
2022-05-10,27460092.138838958
2022-05-11,18585101.408843756
2022-05-12,14046874.194766285
2022-05-13,11265406.31785551
2022-05-14,9336146.121245326
2022-05-15,8037520.966523927
2022-05-16,7537849.800459889
2022-05-17,7450631.22599343
2022-05-18,7132244.799425748
2022-05-19,6591453.087906809
2022-05-20,6196554.279669403
2022-05-21,5655118.475236397
2022-05-22,5348947.428153058
2022-05-23,6495595.184428008
2022-05-24,5164668.054310041
2022-05-25,4538374.2747103805
2022-05-26,4077457.4647145006
2022-05-27,3956204.281201546
2022-05-28,5074902.211157404
2022-05-29,5074963.923303581
2022-05-30,5786441.4149262775
2022-05-31,5789446.678532916
2022-06-01,5025389.420798396
2022-06-02,4581261.407705826
2022-06-03,4352824.302775959
2022-06-04,3704050.080833456
2022-06-05,3262514.4767459026
2022-06-06,2916444.28691497
2022-06-07,2644854.325281089
2022-06-08,2584345.347818135
2022-06-09,2967353.0212781173
2022-06-10,2507052.6218066704
2022-06-11,2333764.9992933176
2022-06-12,2590143.855058946
2022-06-13,2596275.5006339843
2022-06-14,2502463.7628956027
2022-06-15,2332643.4818452615
2022-06-16,2230844.688953398
2022-06-17,2323725.214405559
2022-06-18,2110989.3352616853
2022-06-19,1857605.807108443
2022-06-20,1673625.0016310795
2022-06-21,1539069.436979402
2022-06-22,1536621.8315044336
2022-06-23,2218886.5364422956
2022-06-24,2123924.7558193044
2022-06-25,2836124.5386587204
2022-06-26,2355369.117343897
2022-06-27,2038010.8301803053
2022-06-28,2074649.0549028662
2022-06-29,2249376.7251621177
2022-06-30,1865712.7539560276
2022-07-01,1765634.656682631
2022-07-02,1909447.1031045413
2022-07-03,2312900.520277251
2022-07-04,1975582.1729352293
2022-07-05,1603867.7954404321
2022-07-06,1518805.6334801738
2022-07-07,1516598.3562663347
2022-07-08,1635288.6399370502
2022-07-09,4086646.490072904
2022-07-10,2066669.9509000308
2022-07-11,1782699.345660341
2022-07-12,1712086.3224563105
2022-07-13,1889887.906427819
2022-07-14,1828518.7126853946
2022-07-15,1848248.9661014539
2022-07-16,1610534.6487300156
2022-07-17,1398972.1372802905
2022-07-18,1379102.706070132
2022-07-19,1896959.4972149394
2022-07-20,1921267.3950981773
2022-07-21,1644814.046793553
2022-07-22,1561675.1576107414
2022-07-23,1376691.0047059357
2022-07-24,1221555.0600890266
2022-07-25,1246868.6441290935
2022-07-26,1294624.2460064664
2022-07-27,1177455.996205964
2022-07-28,1139584.4109067377
2022-07-29,1196913.1183748392
2022-07-30,1185124.4611261361
2022-07-31,1143052.0275111548
2022-08-01,1245927.0839441312
2022-08-02,1541363.0134404283
2022-08-03,1393482.591101189
2022-08-04,1330314.813809221
2022-08-05,2025104.5826038667
2022-08-06,1757644.8656177977
2022-08-07,1535077.008108112
2022-08-08,1447329.594783591
2022-08-09,1462707.5514844477
2022-08-10,1699838.4852809345
2022-08-11,2380035.02746937
2022-08-12,2097422.1377118523
2022-08-13,2292667.571557851
2022-08-14,1982885.4865324323
2022-08-15,1706196.817568127
2022-08-16,1475825.8602424941
2022-08-17,1277650.866018534
2022-08-18,1284043.969629932
2022-08-19,1284026.0619974933
2022-08-20,1225924.8592186715
2022-08-21,1152657.2574218174
2022-08-22,1179384.7811026222
2022-08-23,1187863.094727768
2022-08-24,1283356.8677645002
2022-08-25,1195956.3297463714
2022-08-26,1186675.0323518221
2022-08-27,1097326.1680685906
2022-08-28,950313.6525892104
2022-08-29,807220.3991955518
2022-08-30,804640.0090668477
2022-08-31,871311.110136148
2022-09-01,1043677.920634763
2022-09-02,1075239.983104553
2022-09-03,902473.2947890112
2022-09-04,818811.0236602523
2022-09-05,788586.4594162873
2022-09-06,1753817.2292625417
2022-09-07,2297005.875402267
2022-09-08,2571511.950528302
2022-09-09,3339114.7639880357
2022-09-10,3354536.2389950566
2022-09-11,3341664.1535046413
2022-09-12,2594792.3959788084
2022-09-13,2787876.0258418876
2022-09-14,2328521.3377353437
2022-09-15,2237944.0577081973
2022-09-16,2063778.7248617364
2022-09-17,1806951.5517703413
2022-09-18,1570707.502496245
2022-09-19,1391286.5135947808
2022-09-20,1241865.8761787156
2022-09-21,1114308.8299749054
2022-09-22,1027466.0260023646
2022-09-23,989078.4857583204
2022-09-24,917294.2438516135
2022-09-25,875792.0599450874
2022-09-26,831361.2537280655
2022-09-27,864198.4934817622
2022-09-28,856169.9805597682
2022-09-29,890054.5204529128
2022-09-30,905686.1407069648
2022-10-01,1118307.9962638624
2022-10-02,1272131.2513903177
2022-10-03,1636872.122711575
2022-10-04,2177333.0712515274
2022-10-05,2781167.02089762
2022-10-06,3180843.114771491
2022-10-07,2851913.639710434
2022-10-08,2328160.1998951426
2022-10-09,1896148.1941702678
2022-10-10,1618895.7038269758
2022-10-11,1435566.8181780307
2022-10-12,1289429.6096842636
2022-10-13,1286175.3340735983
2022-10-14,1360094.3762904708
2022-10-15,1244293.0343635264
2022-10-16,1166435.5377920882
2022-10-17,1095389.0147264677
2022-10-18,1072387.802743594
2022-10-19,1023580.9557354577
2022-10-20,962594.8041599301
2022-10-21,933689.3234634077
2022-10-22,898322.1863641026
2022-10-23,889081.8915592991
2022-10-24,881287.9748477334
2022-10-25,873882.4584310595
2022-10-26,888192.2614271705
2022-10-27,881460.0120352975
2022-10-28,864109.4621929289
2022-10-29,857641.8499885036
2022-10-30,833167.7952789919
2022-10-31,827759.5802117282
2022-11-01,860174.5421988327
2022-11-02,881552.9083812368
2022-11-03,870518.4215496067
2022-11-04,882479.896070107
2022-11-05,866549.891344927
2022-11-06,843876.4926545423
2022-11-07,858548.0143644867
2022-11-08,841610.1610925087
2022-11-09,823008.3032064077
2022-11-10,811987.6312170505
2022-11-11,1002675.953877037
2022-11-12,1353822.027698835
2022-11-13,1880968.1804593848
2022-11-14,6059197.83527095
2022-11-15,6421634.09026662
2022-11-16,6145958.393261777
2022-11-17,4977951.89935331
2022-11-18,4985994.0049541565
2022-11-19,5117939.093963348
2022-11-20,4274684.074512229
2022-11-21,3466574.462725591
2022-11-22,2946052.186266759
2022-11-23,2578615.415329372
2022-11-24,2256323.6115212417
2022-11-25,2097243.551360664
2022-11-26,1934757.5899719116
2022-11-27,1796383.3434207896
2022-11-28,1741828.5604606015
2022-11-29,1667007.9285582923
2022-11-30,1701225.6807586888
2022-12-01,1690957.8675148187
2022-12-02,1639919.190303338
2022-12-03,1717984.8795595905
2022-12-04,1769962.4791370658
2022-12-05,1680263.3904812208
2022-12-06,1695694.125989327
2022-12-07,1744196.6427743617
2022-12-08,1696260.189805425
2022-12-09,1673199.5805281173
2022-12-10,1679660.1076326359
2022-12-11,1728709.3971600505
2022-12-12,1682826.3263542817
2022-12-13,1656216.964542269
2022-12-14,1626452.401442702
2022-12-15,2568646.5639341064
2022-12-16,6724634.549417172
2022-12-17,9915148.575011587
2022-12-18,9419904.389940957
2022-12-19,7672246.749785201
2022-12-20,5966343.402940045
2022-12-21,4806348.568562574
2022-12-22,4537415.479357326
2022-12-23,14409249.212986514
2022-12-24,18043124.79227057
2022-12-25,14460642.385731123
2022-12-26,9783768.15747439
2022-12-27,7408649.911180691
2022-12-28,6139737.8089032
2022-12-29,5336056.3502726685
2022-12-30,4809813.593502541
2022-12-31,4383596.890406826
2023-01-01,4364298.818891953
2023-01-02,4489599.903430016
2023-01-03,5064808.35656089
2023-01-04,5349822.067773762
2023-01-05,5203658.529078844
2023-01-06,5159439.0507865185
2023-01-07,4705138.683776536
2023-01-08,4242287.442728636
2023-01-09,3847529.92802276
2023-01-10,3520386.8138027578
2023-01-11,3281648.415880949
2023-01-12,3089052.538497164
2023-01-13,3158261.4821564765
2023-01-14,3031019.7944576694
2023-01-15,2895322.780616484
2023-01-16,2827168.6842728322
2023-01-17,2693843.987958247
2023-01-18,2579661.387671234
2023-01-19,2526503.850841384
2023-01-20,2555225.5596522056
2023-01-21,2635407.1689077923
2023-01-22,2844591.7518410175
2023-01-23,3111853.508304068
2023-01-24,3570994.4482533056
2023-01-25,4133794.5256721037
2023-01-26,4397296.902898492
2023-01-27,4479252.050117487
2023-01-28,4356721.736684045
2023-01-29,4311363.456623441
2023-01-30,4234611.5995833995
2023-01-31,4065998.153563309
2023-02-01,3952923.3011679426
2023-02-02,3753840.932956708
2023-02-03,3603009.8566628355
2023-02-04,3482691.175641506
2023-02-05,3489074.7533301916
2023-02-06,3305435.4276660723
2023-02-07,2985623.578550752
2023-02-08,2908063.100150029
2023-02-09,2776587.154550843
2023-02-10,2678611.20172337
2023-02-11,2561831.541303672
2023-02-12,2556782.69435038
2023-02-13,3454196.8071180694
2023-02-14,3076066.5578775518
2023-02-15,2910170.677828349
2023-02-16,3794390.6002399074
2023-02-17,5205192.5705846045
2023-02-18,5603928.256635185
2023-02-19,6099353.143047676
2023-02-20,7631688.100347065
2023-02-21,7321486.884983614
2023-02-22,6060144.247700058
2023-02-23,5339484.739160616
2023-02-24,4751918.325857544
2023-02-25,4495538.50392147
2023-02-26,4338093.168081795
2023-02-27,4027966.4228087175
2023-02-28,3932521.7541926373
2023-03-01,4170771.097693477
2023-03-02,7980843.884854742
2023-03-03,8395852.24069723
2023-03-04,9329201.933033977
2023-03-05,16023071.317327928
2023-03-06,14508200.13847225
2023-03-07,11303236.4293138
2023-03-08,9294410.644152043
2023-03-09,7675961.192868465
2023-03-10,6598821.292857086
2023-03-11,5840651.182380475
2023-03-12,5162991.7309739925
2023-03-13,4899364.823130792
2023-03-14,4577173.861191844
2023-03-15,4193992.2777000736
2023-03-16,3870093.3794043637
2023-03-17,3654515.569692413
2023-03-18,3452186.9403066305
2023-03-19,3251829.297835985
2023-03-20,3088003.1856746785
2023-03-21,2944529.8063615332
2023-03-22,2871252.5030009444
2023-03-23,2798190.434241312
2023-03-24,2858480.0164024755
2023-03-25,3392741.2693045964
2023-03-26,4459282.291483043
2023-03-27,7675560.565741645
2023-03-28,8084328.928037661
2023-03-29,6856946.595298601
2023-03-30,5742189.743189806
2023-03-31,4942235.288273504
2023-04-01,4482336.416421756
2023-04-02,4139847.7764414744
2023-04-03,3870494.6380336047
2023-04-04,3720977.4529122002
2023-04-05,3821726.01969824
2023-04-06,3864839.0526578836
2023-04-07,3686087.518357257
2023-04-08,3479123.972434202
2023-04-09,3263804.325448372
2023-04-10,3109728.8320895513
2023-04-11,2890746.49858453
2023-04-12,2733433.2895192183
2023-04-13,2589588.27779695
2023-04-14,2486504.685552506
2023-04-15,2432741.0782443504
2023-04-16,2361605.490981449
2023-04-17,2537848.2511190115
2023-04-18,2420842.98134116
2023-04-19,2364256.6432778114
2023-04-20,2261388.206714794
2023-04-21,2075308.971659884
2023-04-22,2074003.396903942
2023-04-23,2155063.926865311
2023-04-24,2025131.50280412
2023-04-25,1982502.0065924039
2023-04-26,1878399.4831108511
2023-04-27,1823842.374236718
2023-04-28,2081453.8531627941
2023-04-29,3219190.0679280288
2023-04-30,4753430.690020256
2023-05-01,9469653.62488094
2023-05-02,12257728.374312779
2023-05-03,11588856.998413527
2023-05-04,9242353.08137597
2023-05-05,7944268.253780578
2023-05-06,7948179.538701007
2023-05-07,7405681.628536607
2023-05-08,6330623.336669383
2023-05-09,5421803.482499481
2023-05-10,5079992.057775689
2023-05-11,5438852.311396805
2023-05-12,8441329.063733093
2023-05-13,7001752.413364469
2023-05-14,5791317.312939481
2023-05-15,4934615.400957226
2023-05-16,4321741.124900828
2023-05-17,4242134.34052586
2023-05-18,3751787.9542400055
2023-05-19,3387689.9058011593
2023-05-20,2973270.623489107
2023-05-21,2729710.8516085385
2023-05-22,2403909.9598542815
2023-05-23,2218682.3957822095
2023-05-24,2054398.8111288582
2023-05-25,1888911.1811530583
2023-05-26,1768640.2631378763
2023-05-27,1649292.773524651
2023-05-28,1764650.3526040441
2023-05-29,1753640.658070644
2023-05-30,1565024.2925932275
2023-05-31,1405733.848899062
2023-06-01,1348932.9903568076
2023-06-02,1281726.460772869
2023-06-03,1124234.3533007423
2023-06-04,1106278.6647891523
2023-06-05,1045507.1984652051
2023-06-06,964573.8818750617
2023-06-07,934620.1091597935
2023-06-08,960910.6394489729
2023-06-09,855040.8121309398
2023-06-10,832527.2164115561
2023-06-11,792309.7340134544
2023-06-12,766916.5475672
2023-06-13,811849.2927495459
2023-06-14,781825.2402851555
2023-06-15,785232.0839262052
2023-06-16,809623.5315436936
2023-06-17,832694.6952315787
2023-06-18,835173.0111614626
2023-06-19,825743.833057627
2023-06-20,951227.2369704687
2023-06-21,1120088.415607245
2023-06-22,1096943.1229949368
2023-06-23,1423541.3562429002
2023-06-24,1397585.7367853571
2023-06-25,1367044.0401416635
2023-06-26,1624134.9717754556
2023-06-27,2683256.6543016834
2023-06-28,2955972.205166923
2023-06-29,2379509.0567033496
2023-06-30,2099785.3762091203
2023-07-01,2019336.6653367488
2023-07-02,1819741.320863219
2023-07-03,1599700.764526553
2023-07-04,1787949.1717494177
2023-07-05,1716788.1362213106
2023-07-06,1761457.7075059598
2023-07-07,1686173.7918127163
2023-07-08,1342545.4680277596
2023-07-09,1195073.7446507802
2023-07-10,1261502.3275047583
2023-07-11,1166034.1466393617
2023-07-12,1211327.9014746551
2023-07-13,1177353.821134298
2023-07-14,1254423.0848170628
2023-07-15,1615379.0886521349
2023-07-16,1308707.7512782626
2023-07-17,1033374.6280208179
2023-07-18,883167.9416366493
2023-07-19,1147431.9639574068
2023-07-20,1442459.568155084
2023-07-21,1546963.113136588
2023-07-22,1329296.822240126
2023-07-23,1091627.6578736838
2023-07-24,1038405.3722961398
2023-07-25,894125.3921392115
2023-07-26,815058.9590477347
2023-07-27,748700.7578249738
2023-07-28,779946.8977966752
2023-07-29,958793.0208998226
2023-07-30,855689.3120283756
2023-07-31,640146.1487720486
2023-08-01,657570.7515733156
2023-08-02,607618.4989952462
2023-08-03,547536.8004906737
2023-08-04,527754.2350846481
2023-08-05,506390.6826576938
2023-08-06,562218.8519823
2023-08-07,1008099.947067327
2023-08-08,1566295.9709871898
2023-08-09,932513.5320870178
2023-08-10,1094715.561229883
2023-08-11,1121939.0159653814
2023-08-12,931261.1702976066
2023-08-13,747970.171519425
2023-08-14,641529.6038248807
2023-08-15,649265.3068868527
2023-08-16,706854.0031734601
2023-08-17,610189.0716472864
2023-08-18,564486.0827041194
2023-08-19,544901.1210017472
2023-08-20,507538.978263076
2023-08-21,462340.8766473911
2023-08-22,405056.10338878207
2023-08-23,383182.6124299622
2023-08-24,356519.19082947704
2023-08-25,413774.13454352634
2023-08-26,548329.0180957046
2023-08-27,380189.13653866027
2023-08-28,344011.0075046886
2023-08-29,272712.06810840254
2023-08-30,331110.4105326698
2023-08-31,264848.5565505679
2023-09-01,321217.74858034117
2023-09-02,366275.40472846566
2023-09-03,362176.9115412372
2023-09-04,285313.6702125707
2023-09-05,254727.4334550171
2023-09-06,225206.658712564
2023-09-07,192982.41847969205
2023-09-08,337726.34162596526
2023-09-09,776029.3182551053
2023-09-10,1038210.1188125755
2023-09-11,1041913.5323355981
2023-09-12,723246.2509393216
2023-09-13,1284365.457714093
2023-09-14,1053419.4091049847
2023-09-15,719748.4215102266
2023-09-16,555645.0759863834
2023-09-17,561393.0610858386
2023-09-18,531868.6060747106
2023-09-19,511059.34925631393
2023-09-20,547747.5711438912
2023-09-21,590219.6275075659
2023-09-22,687199.5645994232
2023-09-23,899356.5239375153
2023-09-24,2469850.5469532656
2023-09-25,1908804.6951973622
2023-09-26,1602441.040724055
2023-09-27,2073928.8494167835
2023-09-28,1970427.0804792314
2023-09-29,1608023.8437407915
2023-09-30,1344509.4564596093
2023-10-01,1130241.2642551672
2023-10-02,912971.6506248398
2023-10-03,860855.0848162484
2023-10-04,788015.9266694913
2023-10-05,671970.2756920616
2023-10-06,653655.6149519052
2023-10-07,635983.8927302418
2023-10-08,674337.2168223596
2023-10-09,590309.480115529
2023-10-10,603469.4963406449
2023-10-11,637759.1827525151
2023-10-12,601999.6320643271
2023-10-13,583740.783453504
2023-10-14,591757.6629627789
2023-10-15,700976.3093900275
2023-10-16,630981.0682410655
2023-10-17,616941.6674373534
2023-10-18,707841.9619136973
2023-10-19,816283.8351594171
2023-10-20,774875.8756933454
2023-10-21,751313.3072162088
2023-10-22,646639.0529530612
2023-10-23,589442.4900913382
2023-10-24,556287.7224797743
2023-10-25,563236.1206858234
2023-10-26,529284.62226683
2023-10-27,524068.4290772482
2023-10-28,519341.0765837205
2023-10-29,564861.4059222259
2023-10-30,481918.06576144457
2023-10-31,487941.8415224958
2023-11-01,496147.1254992377
2023-11-02,464988.0165525162
2023-11-03,468968.33693457453
2023-11-04,458101.6242465542
2023-11-05,445487.95043379115
2023-11-06,459461.8652536157
2023-11-07,406281.83926448703
2023-11-08,442942.2199618875
2023-11-09,464272.90617923945
2023-11-10,474320.3003083602
2023-11-11,461201.1641836864
2023-11-12,512473.87610816886
2023-11-13,493237.49454856856
2023-11-14,493628.3072311415
2023-11-15,490371.1194919354
2023-11-16,475553.1296940219
2023-11-17,487497.91748295724
2023-11-18,498600.0078160324
2023-11-19,498272.7714061281
2023-11-20,489571.6123359159
2023-11-21,621509.6557930439
2023-11-22,1811983.2952199553
2023-11-23,2177966.417621454
2023-11-24,4708890.733302066
2023-11-25,4155343.6403144384
2023-11-26,3086363.8080168455
2023-11-27,2276951.2518579382
2023-11-28,1786499.50038169
2023-11-29,1456127.8403830964
2023-11-30,1240848.7417370786
2023-12-01,1122214.56218997
2023-12-02,1047984.0506131267
2023-12-03,1169658.6603210904
2023-12-04,1145795.1862227595
2023-12-05,1045021.1763707885
2023-12-06,1058044.7010672353
2023-12-07,1043871.8642250693
2023-12-08,987051.1214305118
2023-12-09,1027019.06417449
2023-12-10,1077582.56323487
2023-12-11,2726688.9535435056
2023-12-12,2628770.668178138
2023-12-13,3091906.817897138
2023-12-14,3512210.3256680067
2023-12-15,3068808.619313146
2023-12-16,2513656.1489195973
2023-12-17,2293686.457307552
2023-12-18,7856807.7288608365
2023-12-19,9420865.15656051
2023-12-20,8351646.34422968
2023-12-21,6232909.49637034
2023-12-22,4626128.114397414
2023-12-23,3556460.3707205923
2023-12-24,2977827.9150933432
2023-12-25,2551840.8925183425
2023-12-26,2282735.5734321475
2023-12-27,2492021.6031165137
2023-12-28,3361989.9920648653
2023-12-29,3444744.8815643713
2023-12-30,4574614.730673663
2023-12-31,4576994.944404214
2024-01-01,4007621.4895498543
